{
    "importancia_shap_qes_svm": {
        "QE_I44": 2.2269679670280578,
        "QE_I40": 1.440999345483845,
        "QE_I55": 1.3513735246949943,
        "QE_I37": 1.3070947913688153,
        "QE_I42": 1.0441640849910199,
        "QE_I57": 0.9230940465297466,
        "QE_I50": 0.7958707933753826,
        "QE_I35": 0.7464382619414596,
        "QE_I61": 0.5977343798893648,
        "QE_I31": 0.5011345742733895,
        "QE_I43": 0.35308612419193575,
        "QE_I68": 0.3016596183554873,
        "QE_I51": 0.30076933972976105,
        "QE_I52": 0.29435449546339504,
        "QE_I63": 0.19481194578559827,
        "QE_I38": 0.16939632331429683,
        "QE_I34": 0.15567748651531876,
        "QE_I60": 0.13776635292667186,
        "QE_I32": 0.13033968117145373,
        "QE_I41": 0.12412933635099016,
        "QE_I58": 0.08780441073742462,
        "QE_I47": 0.0723397450195668,
        "QE_I66": 0.06451235968698171,
        "QE_I64": 0.051574732510068874,
        "QE_I36": 0.04536260455293857,
        "QE_I29": 0.04393353917023333,
        "QE_I48": 0.04113751578414957,
        "QE_I28": 0.036610970364189706,
        "QE_I62": 0.0362470046297334,
        "QE_I59": 0.03342215347176097,
        "QE_I65": 0.02720865657232409,
        "QE_I30": 0.021282928566756905,
        "QE_I45": 0.01883468221555974,
        "QE_I49": 0.013861343592185667,
        "QE_I56": 0.012933618953326793,
        "QE_I67": 0.009383940737864154,
        "QE_I39": 0.004087074440043181,
        "QE_I46": 0.0014295467493067094,
        "QE_I33": 0.0,
        "QE_I27": 0.0,
        "QE_I54": 0.0,
        "QE_I53": 0.0
    },
    "importancia_shap_dimensoes_svm": {
        "Organizacao_Didatico_Pedagogica": 8.25933386422396,
        "Infraestrutura_e_Instalacoes": 1.4543211445658557,
        "Oportunidades_de_Formacao": 4.005174292345584
    }
}